Date,Close,High,Low,Open,Volume,SMA_20,EMA_20,ATR,BB_Upper,BB_Middle,BB_Lower,Z_Score,Z_Anomaly,IQR_Anomaly,LOF_Anomaly,Iso_Anomaly,Final_Anomaly
03-05-2023,165.7781677,169.2135243,165.4910697,167.8077034,65136000,165.72517623,160.93113575047676,17.001615502859128,203.09218052060115,165.72517623,128.35817193939883,-0.3353160562268196,0,0,0,0,0
03-07-2023,190.8020325,192.2097979,190.1080506,192.1106533,31458200,168.0773529,163.77598305995514,17.675187981226333,205.53966506244868,168.0773529,130.6150407375513,1.1220644815680356,0,0,0,0,0
03-08-2023,189.5231476,190.7128071,189.0472868,189.9197108,61235200,170.36054916,166.22809396853086,16.53801353256731,207.2014740261043,170.36054916,133.5196242938957,1.0475827027446567,0,0,0,0,0
03-10-2023,171.1456299,172.3666914,169.5771391,171.0066491,49594600,170.522990415,166.69643072390886,16.781441744526784,207.3476758779339,170.522990415,133.6983049520661,-0.022717062819952734,0,0,0,0,0
03-11-2023,175.3647003,175.5334767,172.088723,172.9722468,79763700,170.36429672000003,167.52198020734613,15.896184962774871,207.0766276038858,170.36429672000003,133.65196583611424,0.22300002115927295,0,0,0,0,0
04-01-2023,124.9077072,127.1812756,123.6424198,125.4316146,89113600,166.91343727,163.4634780161703,18.45519178686238,206.94344416157892,166.91343727,126.88343037842108,-2.715596407782005,0,1,1,1,1
04-04-2023,163.9763336,165.1742444,163.4615211,164.9366502,46278300,165.708178325,163.51232140510646,20.01314503065792,204.5501490402833,165.708178325,126.86620760971672,-0.4402542011002335,0,0,0,0,0
04-05-2023,164.1347351,165.372255,162.6695158,163.2437268,81235400,165.27970466000002,163.5715988998582,18.77668747132521,203.99237167836665,165.27970466000002,126.56703764163342,-0.4310289569142312,0,0,0,0,0
04-08-2023,180.422226,185.7657924,180.3528217,183.921815,115799700,164.79588202999997,165.17642052844312,18.980571030516263,202.48403862255992,164.79588202999997,127.10772543744002,0.5175484285890192,0,0,0,0,0
04-10-2023,172.3964691,172.9424704,169.7260389,169.8451609,53020300,165.961375805,165.8640442019247,18.38882932119368,203.07149680390552,165.961375805,128.85125480609446,0.050131344912448764,0,0,0,0,0
04-12-2023,188.299469,188.9157791,186.3312899,188.8461896,43389500,168.153687665,168.00075132555094,18.2552922268227,205.10249258744855,168.153687665,131.20488274255143,0.9763161182098787,0,0,0,0,0
05-01-2023,123.5830994,126.3014927,123.3260931,125.668849,80962700,165.98997841,163.77049876121274,21.59229820347822,207.7447262796837,165.98997841,124.23523054031628,-2.792741071220695,0,1,1,1,1
05-04-2023,162.1250153,163.4021444,160.1845924,163.0952418,51511700,165.12667046,163.61378605062106,22.894208688944055,206.44914551784984,165.12667046,123.80419540215011,-0.5480742872958504,0,0,0,0,0
05-05-2023,171.8370514,172.5597587,169.0550943,169.272899,113316400,164.17247429499997,164.39695417913336,22.00424688259091,203.9196955796164,164.17247429499997,124.42525301038351,0.017551067045940436,0,0,0,0,0
05-06-2023,178.0329895,183.3567242,176.5062475,181.056718,121946500,164.44983330500003,165.69562420969208,21.255348733834417,204.50147941767676,164.44983330500003,124.39818719232332,0.3784001873753329,0,0,0,0,0
05-07-2023,189.6817627,191.3175425,188.9778724,189.9197006,46920300,165.12001992,167.98001835162617,20.686006181417675,206.3715236360418,165.12001992,123.8685162039582,1.056820386914866,0,0,0,0,0
05-09-2023,188.3197632,188.5977247,186.2449734,186.9100967,45280000,168.35438119,169.91713690861417,19.45391926131642,206.0803082250673,168.35438119,130.62845415493268,0.9774980448365824,0,0,0,0,0
05-10-2023,173.6373596,174.1734239,171.4235742,172.5254984,48527900,169.40003548500002,170.2714438316033,19.271224242650963,206.48903546050397,169.40003548500002,132.3110355094961,0.1224003440733832,0,0,0,0,0
05-12-2023,192.2656555,193.2398026,189.0449866,189.0748215,66628400,171.53721276000002,172.3661306571649,19.29488272531875,208.72410216716148,171.53721276000002,134.35032335283856,1.2073053383228618,0,0,0,0,0
06-01-2023,128.1302185,128.7925161,123.4545866,124.5617167,87754700,169.718176655,168.1531866421968,22.83175316636741,211.3905764469431,169.718176655,128.04577686305691,-2.5279185535025173,0,0,1,1,1
06-02-2023,149.9860992,151.3403635,149.047021,150.8164562,69858300,168.92857323,166.42298783817807,22.858781154484024,211.4592827487628,168.92857323,126.39786371123722,-1.2550402262288571,0,0,0,0,0
06-03-2023,152.2941589,154.7394996,151.9278579,152.2545498,87558000,167.00317955,165.0773850821611,21.56553967202088,208.88018747571735,167.00317955,125.12617162428262,-1.1206196915219786,0,0,0,0,0
06-04-2023,163.0160675,163.3130754,160.3826208,160.8083206,45390100,165.677825545,164.8810691219553,20.81220944544796,206.27840633101292,165.677825545,125.07724475898704,-0.49617974003793536,0,0,0,0,0
06-06-2023,177.6661835,178.5683327,175.9015035,178.4196309,64848400,166.003853225,166.0986990627215,20.43649914220168,206.87862236645927,166.003853225,125.12908408354072,0.35703754296293116,0,0,0,0,0
06-07-2023,190.1575928,190.3657903,187.5700768,188.2045627,45094300,166.74349784999998,168.39002227579562,19.88386397490156,208.7876887826544,166.74349784999998,124.69930691734557,1.0845325541831679,0,0,0,0,0
06-09-2023,181.5791626,187.475946,180.1496375,187.029208,81755800,169.57707062,169.6461308781008,19.17844192669431,207.3867276729635,169.57707062,131.7674135670365,0.5849279839765844,0,0,0,0,0
06-10-2023,176.1985931,176.6949552,171.9199399,172.5354391,57224100,170.188183595,170.27017489923404,18.49849769621614,208.0110813045496,170.188183595,132.36528588545042,0.2715656263142073,0,0,0,0,0
06-11-2023,177.9259338,178.1244756,174.927918,175.0966793,63841300,170.87774353,170.99929479454508,17.405501975057845,208.73689470170345,170.87774353,133.0185923582966,0.37216530340009535,0,0,0,0,0
06-12-2023,191.172226,193.5976511,190.9634726,193.2895036,41089700,171.41524353,172.92052633792173,17.281660212553714,210.09745490762023,171.41524353,132.73303215237976,1.1436244127149684,0,0,0,0,0
07-02-2023,152.8725281,153.4458637,148.9086223,148.9086223,83322600,170.43904648,171.01119317240537,19.06608474737131,209.94949487939084,170.43904648,130.92859808060916,-1.0869356853751753,0,0,0,0,0
07-03-2023,150.0864258,152.4921573,149.6211171,152.1654502,56182000,168.52839432000002,169.01835818455723,17.936465193987647,208.09504771910724,168.52839432000002,128.9617409208928,-1.2491972425238338,0,0,0,0,0
07-06-2023,176.288147,179.6489426,175.7924543,176.902801,61944600,171.16364670000002,169.7107190241232,18.76689745155996,205.01285180177013,171.16364670000002,137.3144415982299,0.2767812119955855,0,0,0,0,0
07-07-2023,189.0373383,191.0102004,188.6011414,189.7610604,46778000,172.50926285,171.55134943134956,18.47798001930568,206.94878017377363,172.50926285,138.06974552622637,1.0192893505962812,0,0,0,0,0
07-08-2023,177.3092804,181.5524086,175.8222023,180.5610232,97576100,172.7828743,172.0997238093163,18.10206258935527,207.28357807023605,172.7828743,138.28217052976396,0.3362516397471087,0,0,0,0,0
07-09-2023,176.2680664,176.9133461,172.2773118,173.9053785,112488800,172.694628145,172.49670881795285,17.168484447258468,207.1501644487381,172.694628145,138.23909184126188,0.2756117253530888,0,0,0,0,0
07-11-2023,180.4971008,181.1125849,177.6678311,177.8762947,70530000,172.23539505000002,173.25865091148114,16.288201165311435,206.0111788257248,172.23539505000002,138.45961127427526,0.5219091089700644,0,0,0,0,0
07-12-2023,193.1105804,193.8362195,192.4346309,192.4744006,47477700,172.47493591,175.14931086276866,16.07755241778919,206.7676077699251,172.47493591,138.1822640500749,1.2565134488605378,0,0,0,0,0
08-02-2023,150.1739197,152.8033508,149.4325397,152.1113992,64120100,171.30176391499998,172.7707021806002,18.04901586651853,206.93431689967693,171.30176391499998,135.66921093032303,-1.244101630472902,0,0,0,0,0
08-03-2023,151.34375,151.9377657,150.3141399,151.2843515,47204800,169.25566864,170.7300400681621,16.885789447481496,204.53597933190068,169.25566864,133.97535794809934,-1.1759711508140316,0,0,0,0,0
08-05-2023,171.7677612,172.1142728,170.3916397,170.7579408,55962800,171.437545775,170.8288706521467,17.16327040123282,201.2479393173633,171.437545775,141.6271522326367,0.013515631682657531,0,0,0,0,0
08-06-2023,179.0144653,179.2821285,175.9312562,176.3674531,50214900,172.88896408,171.6084510947994,16.474063036859047,201.16761561489236,172.88896408,144.61031254510766,0.43556097131773314,0,0,0,0,0
08-08-2023,178.2510834,178.7170357,176.0502068,178.1420304,67823000,174.186810305,172.24108274291373,15.509076998511972,200.90507705224303,174.186810305,147.46854355775693,0.3911018946380638,0,0,0,0,0
08-09-2023,176.8835754,178.9285998,176.4964136,177.0523519,65551300,174.88018570000003,172.68322490073146,14.57501337004683,201.1183279676168,174.88018570000003,148.64204343238325,0.31145873957758935,0,0,0,0,0
08-11-2023,181.5593109,182.115234,180.2687665,181.0232466,49340300,175.07484207000002,173.52856642447134,13.907630886472054,201.4501777301448,175.07484207000002,148.69950640985522,0.583771828384579,0,0,0,0,0
08-12-2023,194.5419922,194.8203199,192.5141586,193.0409943,53377300,175.29406204,175.52984506975977,13.861443608866905,202.23403632589063,175.29406204,148.35408775410937,1.3398783373604912,0,0,0,0,0
09-01-2023,128.6541443,131.8766859,128.397138,128.9704737,70790800,172.647811125,171.06549261549694,17.595972936804984,206.18745224491695,172.647811125,139.10817000508302,-2.49740531063331,0,0,1,1,1
09-02-2023,149.1359863,152.5562258,148.6911614,152.0125442,56007100,171.29468078500005,168.97696820449724,18.04640926274748,206.3035832296385,171.29468078500005,136.2857783403616,-1.3045504839484539,0,0,0,0,0
09-03-2023,149.0865021,152.9970622,148.7300957,152.0268507,53833600,169.8527092,167.08263809930702,17.06216335112266,206.0072671278963,169.8527092,133.69815127210367,-1.3074324252706586,0,0,0,0,0
09-05-2023,170.0550537,171.8073712,169.8867528,171.322273,45326900,168.79685058500002,167.36572529937305,17.466356618899614,203.60771869604216,168.79685058500002,133.98598247395785,-0.08623181330175086,0,0,0,0,0
09-06-2023,179.4010925,180.660141,179.0739336,179.9364339,48870700,170.12327880499998,168.51195074705177,16.976265953263926,204.42389208450612,170.12327880499998,135.82266552549382,0.45807799501353363,0,0,0,0,0
09-08-2023,176.654953,179.3713391,175.4851105,179.3118584,60378500,171.451705165,169.2874747711421,16.04338852803079,204.58342203665623,171.451705165,138.31998829334373,0.2981438564079856,0,0,0,0,0
09-10-2023,177.6876984,177.7472594,174.520906,175.5235519,42390800,171.521682735,170.08749606912855,15.127886018885732,204.69984368197092,171.521682735,138.34352178802908,0.35829056270161685,0,0,0,0,0
09-11-2023,181.0828094,182.7803592,180.4871689,181.6288107,53763500,171.12395629,171.13466876730678,14.411084217536752,203.6367385328255,171.12395629,138.6111740471745,0.5560205590310908,0,0,0,0,0
10-01-2023,129.227478,129.7513854,126.6474749,128.7628787,63896200,168.71986617,167.143507741849,17.269959237712698,205.83285235678912,168.71986617,131.60687998321086,-2.4640145701253977,0,0,1,1,1
10-02-2023,149.5023041,149.8290112,147.7301822,147.9677914,57450700,167.381578055,165.46339310929193,17.507928806447506,205.23230534558488,167.381578055,129.5308507644151,-1.2832162721216775,0,0,0,0,0
10-03-2023,147.0173645,149.4330058,146.1362509,148.7102984,68572400,165.70759124,163.70662847983556,16.4977948345584,204.04824173483195,165.70759124,127.36694074516804,-1.427938226127588,0,0,0,0,0
10-04-2023,160.4122772,160.4122772,158.4817492,159.8083669,47716900,164.07267608,163.39288073889884,16.276160396375655,200.33197829641196,164.07267608,127.81337386358808,-0.6478235144128276,0,0,0,0,0
10-05-2023,171.8271637,172.2924724,170.1837336,171.2925617,53724500,165.15533828,164.19614578281326,15.962162882348824,200.98046489989468,165.15533828,129.3302116601053,0.016975211091684927,0,0,0,0,0
10-07-2023,186.985199,188.3533157,185.4287167,187.6295934,59922200,166.93741073,166.3665318034977,16.00244781932391,203.3776788150589,166.93741073,130.49714264494108,0.8997735243813013,0,0,0,0,0
10-08-2023,176.4368286,179.1928783,176.0700209,177.9338148,54686900,167.17086410000002,167.32560768887888,15.63907141080077,203.79130193255844,167.17086410000002,130.5504262674416,0.2854403728366481,0,0,0,0,0
10-10-2023,177.092041,178.4123658,176.65524,176.8041577,43698000,167.074742885,168.25574419469993,14.663104681457858,203.5802394880552,167.074742885,130.5692462819448,0.323599698245161,0,0,0,0,0
10-11-2023,185.2875519,185.4565507,182.434685,182.8720615,66133400,167.42656631,169.8778211190142,14.213205039925157,204.4875340298004,167.42656631,130.36559859019962,0.8009031914667848,0,0,0,0,0
11-01-2023,131.9557343,131.9754935,128.9605609,129.7414743,69458900,165.180174255,166.26619380291763,17.221332608501932,205.01833686046763,165.180174255,125.34201164953237,-2.3051219424072285,0,0,1,0,0
11-04-2023,159.1945801,160.7390027,158.907467,160.7291079,47644200,164.061937715,165.59270678359215,18.047185165037508,203.24851235444345,164.061937715,124.87536307555656,-0.7187417386221133,0,0,0,0,0
11-05-2023,172.0152893,172.8468992,170.4510621,172.114297,49514700,162.93560257,166.20438130896434,17.73326616039197,199.7779358910919,162.93560257,126.09326924890816,0.027931575757665274,0,0,0,0,0
11-07-2023,186.4597626,187.6692539,184.9925165,187.5304606,46638100,165.82588348500002,168.13346524144393,17.58474462036397,200.4607816986781,165.82588348500002,131.19098527132195,0.8691723047324094,0,0,0,0,0
11-08-2023,176.4963989,177.3203617,175.2654308,176.0298326,51988100,167.19390411499998,168.92993511368738,17.128286561766547,201.2402210777875,167.19390411499998,133.14758715221245,0.28890972485498967,0,0,0,0,0
11-09-2023,178.0549774,178.9881404,176.0496707,178.7598181,58953100,168.64232787999998,169.79898676000286,16.114728214497507,201.9406304516385,168.64232787999998,135.34402530836147,0.3796807544573201,0,0,0,0,0
11-10-2023,178.491806,178.5414453,176.3078159,176.9034413,47551100,169.064165495,170.62687430666924,15.123221156319111,202.63600564798304,169.064165495,135.49232534201695,0.40512148893539923,0,0,0,0,0
11-12-2023,192.0270691,192.3352317,190.2775785,191.9574947,60943700,169.69546432500002,172.66498809651029,15.031807195153464,204.4742347865844,169.69546432500002,134.91669386341567,1.1934101555155066,0,0,0,0,0
12-01-2023,131.8766632,132.7168847,129.9293041,132.3412625,71379600,167.456549835,168.78038572541405,18.393661324071072,205.74332783509317,167.456549835,129.16977183490687,-2.3097270137326626,0,0,1,1,1
12-04-2023,158.5015717,160.4419946,158.1847593,159.6103848,50133100,166.4972435,167.801451056327,19.12020918663742,204.6718337602605,166.4972435,128.32265323973948,-0.7591022889511875,0,0,0,0,0
12-05-2023,171.0833588,172.5605131,169.5268767,172.1243012,45497800,165.99727097,168.1140136985816,18.758690059020463,203.6530566556033,165.99727097,128.34148528439667,-0.026343708421356454,0,0,0,0,0
12-06-2023,182.2066956,182.3058401,179.4109969,179.7084155,54274900,168.64623185,169.45617387966905,18.220389433376145,202.88123988243373,168.64623185,134.41122381756625,0.6214752714692829,0,0,0,0,0
12-07-2023,188.1352081,190.0485747,186.8464041,188.0459719,60750200,170.57787705,171.23512951970056,17.47906726670642,204.63337304376347,170.57787705,136.52238105623655,0.9667496247567712,0,0,0,0,0
12-09-2023,175.0172729,178.8194083,173.5480454,178.1840655,90370200,171.97787247,171.59533365115766,17.272502654798817,204.3021505819086,171.97787247,139.6535943580914,0.2027659791716144,0,0,0,0,0
12-10-2023,179.3951874,181.0133174,177.7373247,178.7598445,56743100,172.92701798,172.3381768653331,16.467041358027476,204.95054308301872,172.92701798,140.90349287698126,0.45773408419549955,0,0,0,0,0
12-12-2023,193.5479736,193.5579085,190.5758126,191.9276967,52696900,174.013058475,174.35815750672995,16.302447053882656,207.26348780223583,174.013058475,140.76262914776416,1.2819870654317005,0,0,0,0,0
13-01-2023,133.2111359,133.3693005,130.1467746,130.5125172,57809700,171.32435532,170.43939354418424,19.66664362146247,208.4185414281473,171.32435532,134.23016921185268,-2.2320078222032014,0,0,0,0,0
13-02-2023,152.3139801,152.7198752,149.4132251,149.4429244,62199000,170.118212895,168.7131636923572,19.655364741358007,208.028777668182,170.118212895,132.20764812181804,-1.1194653122385783,0,0,0,0,0
13-03-2023,148.9676819,151.6110223,146.2253338,146.3342362,84457100,168.71199494,166.8326416168946,18.68631342411815,207.55840098045945,168.71199494,129.8655888995406,-1.3143524693310338,0,0,0,0,0
13-04-2023,163.9070282,164.1446374,159.808363,160.016273,68445600,167.64296875500003,166.55401176766654,18.43564500096685,205.77615269879155,167.64296875500003,129.5097848112085,-0.4442905217058369,0,0,0,0,0
13-06-2023,181.7308197,182.5635796,180.8683194,181.2252187,54929100,170.131723025,167.9994220469364,18.45142402946922,204.97913174739637,170.131723025,135.28431430260363,0.5937604368260915,0,0,0,0,0
13-07-2023,188.8985291,189.5429385,188.1450817,188.8588803,41342300,171.616920475,169.9898131948472,17.691473655935702,207.0009992645171,171.616920475,136.2328416854829,1.0112051546431895,0,0,0,0,0
13-09-2023,172.9424744,176.0099882,172.7141369,175.2257277,84267900,171.66327973,170.27101902390936,17.583824980511725,207.0517540423821,171.66327973,136.2748054176179,0.08193048961342513,0,0,0,0,0
13-10-2023,177.5487213,180.6062984,176.8438805,180.1000145,51427100,171.217727665,170.9641335263942,16.875253481903744,206.070138643553,171.217727665,136.36531668644702,0.35019658831524886,0,0,0,0,0
13-11-2023,183.6970978,184.9197528,183.1106226,184.7110146,43627500,171.57776261,172.17679679054712,16.196380483196332,206.78779118373592,171.57776261,136.3677340362641,0.7082757388282116,0,0,0,0,0
13-12-2023,196.7785797,196.8183343,193.6871396,193.9256976,70404200,172.51394272500002,174.51982373430454,15.976727341539451,209.3224438279515,172.51394272500002,135.70544162204854,1.4701363578392157,0,0,1,1,1
14-02-2023,151.6704407,152.234757,149.353807,150.6012216,61707600,171.17287446,172.3436920167517,18.223016295715208,208.95402376155965,171.17287446,133.39172515844038,-1.1569448064877716,0,0,0,0,0
14-03-2023,151.0665283,151.8684388,148.6013983,149.7696099,73695900,169.12484741999998,170.31729547229918,17.15473231030698,206.60165528679948,169.12484741999998,131.64803955320048,-1.1921164390604109,0,0,0,0,0
14-04-2023,163.5605316,164.6594499,162.1844101,162.9467115,49386500,170.70904084,169.67379415112782,16.900317259570766,204.22290855604624,170.70904084,137.19517312395377,-0.46447035424921457,0,0,0,0,0
14-06-2023,182.3653412,182.8015532,180.4519746,181.7903358,57462900,171.902229315,170.88251291768708,17.067510426744285,205.2916579024564,171.902229315,138.5128007275436,0.630714731948097,0,0,0,0,0
14-07-2023,189.047287,189.5330562,187.9964209,188.591243,41573900,172.80042572500005,172.61249140171688,16.36038218197684,207.00983093838292,172.80042572500005,138.5910205116171,1.0198687591677498,0,0,0,0,0
14-08-2023,178.1542511,178.3825734,176.0198855,176.6750869,43675600,172.5978035,173.1402780396486,16.12231213326421,206.6294988533924,172.5978035,138.56610814660763,0.3854624176596757,0,0,0,0,0
14-09-2023,174.461319,174.8187002,172.3170315,172.7339738,60895800,171.91410904499998,173.26609146444395,15.38766266660248,205.21123933963412,171.91410904499998,138.6169787503658,0.17038743172313492,0,0,0,0,0
14-11-2023,186.3213501,186.9873497,185.1881543,186.5797929,60108400,172.479312905,174.509449429735,15.183260383273732,206.34683212364945,172.479312905,138.61179368635058,0.8611112124391216,0,0,0,0,0
14-12-2023,196.9276581,198.4286408,194.9892989,196.8381989,66831600,173.35593644,176.64451692214118,14.963548263039897,208.76657658227617,173.35593644,137.9452962977238,1.478818628164046,0,0,1,1,1
15-02-2023,153.7791748,153.9474757,151.3536388,151.5813383,65573800,171.3674965,174.46686529146106,17.15001047996562,206.48450246624867,171.3674965,136.2504905337513,-1.0341329202628933,0,0,0,0,0
15-03-2023,151.4625397,151.7199384,148.4231836,149.680508,77167900,172.28006668999998,172.27597713989334,16.307580531396646,204.18512680311315,172.28006668999998,140.37500657688682,-1.1690528830622613,0,0,0,0,0
15-05-2023,170.5876923,171.717871,169.992855,171.6682987,37266700,173.19375229999997,172.11518810752253,16.58956272915403,203.77867470822244,173.19375229999997,142.6088298917775,-0.055211140215382676,0,0,0,0,0
15-06-2023,184.4075775,184.9131937,182.1967925,182.3752497,65433200,174.96574708,173.28589185918705,16.427844062785883,203.7866959615632,174.96574708,146.1447981984368,0.7496538111425385,0,0,0,0,0
15-08-2023,176.1588898,178.1741185,175.7618062,177.5784931,43622600,175.57834015999998,173.55951071069305,15.871981722586892,203.9503629740981,175.57834015999998,147.20631734590182,0.2692533209541555,0,0,0,0,0
15-09-2023,173.7366333,175.2157976,172.5553044,175.1959389,109205100,175.17863084,173.5763795287223,14.99566769954497,203.41761779660555,175.17863084,146.93964388339447,0.1281820072757388,0,0,0,0,0
15-11-2023,186.8879547,188.3690679,186.6593316,186.7289211,53790500,175.07810212,174.8441485926535,14.9697224781489,203.13473220345588,175.07810212,147.02147203654414,0.8941100526768233,0,0,0,0,0
15-12-2023,196.3908997,197.2159328,195.8242942,196.3511299,128256700,176.250523385,176.8962201266865,14.63816930828112,205.77358373000672,176.250523385,146.7274630399933,1.4475580194647095,0,0,1,1,1
16-02-2023,152.1753693,154.7692064,151.8189629,151.977354,68167900,174.981855785,174.54185338128778,16.776295557689615,206.2989209012549,174.981855785,143.66479066874513,-1.1275379534497867,0,0,0,0,0
16-03-2023,154.2939758,154.8978861,150.1260025,150.6408149,76161100,173.511699685,172.6134840878318,15.918837560711784,205.7997736232365,173.511699685,141.2236257467635,-1.0041511023369372,0,0,0,0,0
16-05-2023,170.5876923,171.6484668,170.320014,170.5083796,42110300,172.202155315,172.42055153660974,16.021384234946655,202.6833054823421,172.202155315,141.7210051476579,-0.055211140215382676,0,0,0,0,0
16-06-2023,183.3269653,185.3791401,182.6825709,185.1213703,101235600,173.784981545,173.45925760931357,15.933531632450467,203.1025731660841,173.784981545,144.46738992391585,0.6867193602984919,0,0,0,0,0
16-08-2023,175.2852936,177.240946,175.2157956,175.8412166,46964900,174.99591981,173.63316579890275,15.374791494418291,202.39811417865457,174.99591981,147.59372544134544,0.21837540461520713,0,0,0,0,0
16-10-2023,177.4196472,177.7770285,175.2257204,175.4639796,52517000,175.68887559,173.99378307519774,14.458828394816983,202.5957664463384,175.68887559,148.7819847336616,0.34267936094941914,0,0,0,0,0
16-11-2023,188.5778198,189.8203598,187.5241331,188.4386559,54412900,175.99949952000003,175.38273895375033,14.311820123758627,203.3473470516203,175.99949952000003,148.65165198837977,0.9925271648184596,0,0,0,0,0
17-01-2023,134.3776093,135.7120843,132.5884145,133.2803662,63646600,173.26601563499997,171.477488510536,17.28879049349015,205.3665518530607,173.26601563499997,141.16547941693923,-2.164072847146295,0,0,0,1,0
17-02-2023,151.0269623,151.4724665,149.3439379,150.8289621,59144100,171.90965119499998,169.52981934762784,17.274938115383712,205.3345170431344,171.90965119499998,138.48478534686558,-1.1944207481197517,0,0,0,0,0
17-03-2023,153.4524841,155.1751175,152.7396714,154.5217033,98944600,170.85920945,167.99864456213948,16.337310764284876,205.20508470809125,170.85920945,136.51333419190877,-1.0531592645891532,0,0,0,0,0
17-04-2023,163.5803375,163.7387437,162.3923214,163.4417359,41516200,169.72215882,167.57785341336427,15.905092823978814,203.44527325773328,169.72215882,135.99904438226673,-0.46331686603209693,0,0,0,0,0
17-05-2023,171.2023468,171.4402696,168.9518977,170.2307933,57951600,168.435893255,167.92304325971054,15.330438486551754,199.78937606061584,168.435893255,137.08241044938416,-0.019413891751666995,0,0,0,0,0
17-07-2023,192.3188324,192.6459913,190.1576047,190.2468257,50520200,170.36287613500002,170.2464517492619,15.767096058940917,202.60109738291817,170.36287613500002,138.12465488708187,1.2104023411135834,0,0,0,0,0
17-08-2023,172.7339935,176.2184497,172.2177728,175.8511466,66062900,171.42644882500002,170.48336048742743,16.07666488330228,202.4821738656837,171.42644882500002,140.37072378431634,0.06978863987956735,0,0,0,0,0
17-10-2023,175.8610687,177.1218326,173.5281762,175.3647067,57549400,171.69011764500002,170.99552317433913,15.241748755923544,202.8023731241756,171.69011764500002,140.57786216582446,0.2519083313470887,0,0,0,0,0
17-11-2023,188.5579071,189.2437915,187.4445963,189.1145625,50922700,171.897634125,172.66813116725922,15.108961187643288,203.399346710676,171.897634125,140.395921539324,0.9913674566092411,0,0,0,0,0
18-01-2023,133.6559906,137.0169072,133.4780516,135.2474869,69672800,169.772489165,168.95268920847263,17.96402506709734,205.3132535256546,169.772489165,134.2317248043454,-2.2060996506594286,0,0,0,0,0
18-04-2023,164.8079529,165.7385703,163.9961326,164.4416518,49923000,169.326055145,168.55795241718954,18.97249325516181,204.88073351963044,169.326055145,133.77137677036956,-0.39182100373598855,0,0,0,0,0
18-05-2023,173.5419922,173.7303578,171.0932694,171.5096494,65496700,168.65875702,169.0326228726953,18.25462980122169,203.36069888248463,168.65875702,133.95681515751536,0.116846182323753,0,0,0,0,0
18-07-2023,192.0610657,192.6559029,190.7623534,191.6843496,48353800,168.44226532,171.22580790386718,18.31600700827728,202.49746400079775,168.44226532,134.3870666392022,1.1953901047994073,0,0,0,0,0
18-08-2023,173.2204437,173.8260061,170.7088528,171.0463754,61114200,169.49451904,171.4157732177846,18.532878857686047,202.76569909308373,169.49451904,136.22333898691625,0.09811931780452264,0,0,0,0,0
18-09-2023,176.6751099,178.0748545,174.8882034,175.1959455,67257600,170.613575745,171.91666242561462,17.555845424994185,203.26419816709503,170.613575745,137.96295332290495,0.2993177867339783,0,0,0,0,0
18-10-2023,174.5606079,176.2879534,173.8359235,174.3025051,54764400,170.81222152499998,172.16846675650848,16.504655494637458,203.50810784946813,170.81222152499998,138.11633520053184,0.17616998016781268,0,0,0,0,0
18-12-2023,194.7209167,195.4565058,193.2298688,194.9197201,55751900,171.381919095,174.31631913207912,16.818315666449067,205.30424419073776,171.381919095,137.45959399926224,1.3502988333997228,0,0,0,0,0
19-01-2023,133.7153015,134.6840338,132.2325415,132.5389762,58280400,169.30341948999998,170.4495555480716,20.08046277598842,206.9086192258519,169.30341948999998,131.69821975414806,-2.2026454060001814,0,0,0,0,0
19-04-2023,165.9563751,166.4810824,163.8872303,164.1446442,47720200,168.730255885,170.02163360063622,20.98655692770353,206.17224958034888,168.730255885,131.2882621896511,-0.3249373238237014,0,0,0,0,0
19-05-2023,173.651062,174.8704618,173.432956,174.8704618,55772400,167.983917995,170.36729344819466,20.124237625724707,204.3945279705364,167.983917995,131.57330801946364,0.12319836673058202,0,0,0,0,0
19-07-2023,193.419281,196.5223068,190.9903749,191.4365104,80507300,170.93600158,172.56272083408086,20.320452423887225,205.495921577561,170.93600158,136.376081582439,1.2744920564833542,0,0,0,0,0
19-09-2023,177.7671051,178.3230282,175.841218,176.2283798,51826900,172.27300872,173.05837647845414,20.124567465038144,205.6989947775249,172.27300872,138.84702266247515,0.3629151792456826,0,0,0,0,0
19-10-2023,174.1833649,176.5460378,173.9153251,174.7591315,59302900,173.30955276,173.16551823288705,18.962225503249705,205.60330312261496,173.30955276,141.01580239738504,0.1541994887743579,0,0,0,0,0
19-12-2023,195.7646484,195.7745833,194.7209119,194.9893048,40714100,174.918768305,175.31781634404066,19.15001071016044,208.3020388447036,174.918768305,141.53549776529647,1.4110853777012062,0,0,1,1,1
20-01-2023,136.2854156,136.4337007,132.6773722,133.7251869,80223600,173.172921745,171.6004448446082,22.28838681657755,210.56270192044371,173.172921745,135.78314156955625,-2.052962920932882,0,0,0,1,0
20-03-2023,155.8284912,156.2443112,152.6109396,153.5217675,73641400,171.348404685,170.0983540213122,22.12199458682201,208.382617067381,171.348404685,134.31419230261898,-0.9147814986893626,0,0,0,0,0
20-04-2023,164.986145,166.1939656,163.9070313,164.4317385,52456400,170.96101226000002,169.6114769716634,21.282243144906158,208.0911118236497,170.96101226000002,133.83091269635034,-0.38144316239915477,0,0,0,0,0
20-06-2023,183.4161987,184.4968203,182.8213766,182.8213766,49799100,171.33876876,170.92621237436214,21.15570258455572,208.81272927849025,171.33876876,133.86480824150976,0.6919162801795983,0,0,0,0,0
20-07-2023,191.4662476,194.7774708,190.84167,193.4093543,59581200,171.484185785,172.88240620537528,20.45610040708745,209.24575975051735,171.484185785,133.7226118194826,1.160748120861414,0,0,0,0,0
20-09-2023,174.21315,178.3925098,174.1237933,177.9557088,58436200,173.51204375499998,173.00914370962525,20.23369711372406,207.04982268434665,173.51204375499998,139.97426482565334,0.1559341618715492,0,0,0,0,0
20-10-2023,171.6221466,174.1436591,171.3838874,174.0344589,64189300,173.85275344,172.87704874680378,18.99052321988663,207.1676207800449,173.85275344,140.53788609995507,0.005035091775857653,0,0,0,0,0
20-11-2023,190.3074188,190.7646802,188.7467965,188.7567314,46505100,174.69102477,174.5370839899653,19.00138110418044,208.76743124876845,174.69102477,140.61461829123158,1.0932583644527167,0,0,0,0,0
20-12-2023,193.6672516,196.5002336,193.6672516,195.7248899,52242800,174.771334065,176.35900471473053,18.08648351102469,209.01825294441957,174.771334065,140.52441518558044,1.288933771593055,0,0,0,0,0
21-02-2023,146.9975586,149.7894107,146.9282653,148.7003872,58867200,173.46018981,173.5626765133276,20.13309085309436,209.7888358656276,173.46018981,137.13154375437242,-1.4290917143447055,0,0,0,0,0
21-03-2023,157.689743,157.8085401,154.9770938,155.7493202,73938300,172.510921465,172.05096855967736,19.467225899301905,209.4411304943594,172.510921465,135.58071243564058,-0.8063828891646009,0,0,0,0,0
21-04-2023,163.3724518,164.7881675,162.8477445,163.4021511,58337300,171.95151366,171.2244431539938,18.583740085066054,209.07900580867957,171.95151366,134.82402151132044,-0.47542405154030387,0,0,0,0,0
21-06-2023,182.3752594,183.8127652,181.0170512,183.3071489,49515700,171.334230795,172.28642565361343,18.716352464704197,207.31989839752492,171.334230795,135.34856319247504,0.6312923642109591,0,0,0,0,0
21-07-2023,190.286499,193.2903953,189.5826088,192.4278949,71917800,174.16279067,174.0007183532693,18.159122710082464,206.59373568700465,174.16279067,141.73184565299533,1.0920400031157196,0,0,0,0,0
21-08-2023,174.5606079,174.8485064,172.4758963,173.7962212,46311900,174.59300231,174.05404116724367,18.134228423648004,206.8046223699008,174.59300231,142.38138225009922,0.17616998016781268,0,0,0,0,0
21-09-2023,172.6644897,175.0172561,172.5950069,173.279989,63047900,174.543673695,173.9217029322681,17.011944193387432,206.7639330903282,174.543673695,142.32341429967178,0.06574076453207921,0,0,0,0,0
21-11-2023,189.502243,190.376996,188.6076204,190.2676519,38134500,174.347821795,175.4055638910997,17.06198434385976,206.15168527947756,174.347821795,142.54395831052244,1.0463652266499819,0,0,0,0,0
21-12-2023,193.5181274,195.9038132,192.3451771,194.9296661,46482500,175.13537291,177.1305699395664,16.30052619072692,208.00126114138945,175.13537291,142.26948467861058,1.2802488338933353,0,0,0,0,0
22-02-2023,147.4232635,148.4528734,145.6907358,147.3836545,51011300,173.79736784,174.3013026596077,18.55244514853214,208.81759794645336,173.79736784,138.77713773354662,-1.4042988199991484,0,0,0,0,0
22-03-2023,156.2541962,160.5211619,156.2343916,157.7095206,75701800,171.82184522999998,172.58253061583554,18.16283466649413,206.11245691273623,171.82184522999998,137.5312335472637,-0.8899885985198432,0,0,0,0,0
22-05-2023,172.6993103,173.2049265,171.9557714,172.4812043,43570900,173.642539965,172.59365249051788,18.07625578317312,203.81160947541423,173.642539965,143.47347045458577,0.06776870326815987,0,0,0,0,0
22-06-2023,185.3890533,185.4386256,182.0877384,182.1571427,51245300,175.12056807000002,173.81226209142093,17.695045748660753,204.5410122412397,175.12056807000002,145.70012389876032,0.8068145950849387,0,0,0,0,0
22-08-2023,175.9404602,176.3871829,174.967595,175.771699,42084200,175.66828383,174.01494762557132,17.17550378804213,204.7191995375408,175.66828383,146.61736812245925,0.25653206264883066,0,0,0,0,0
22-09-2023,173.518219,175.7915654,172.7836129,173.399097,56725400,175.17338484500002,173.96764013742168,16.174171181753405,204.01596659860363,175.17338484500002,146.33080309139638,0.11546164003669841,0,0,0,0,0
22-11-2023,190.1682434,191.7785703,189.6911123,190.347177,39617700,175.10848463500002,175.5105547338577,16.323184047342448,203.8096232070239,175.10848463500002,146.40734606297616,1.0851528411484261,0,0,0,0,0
22-12-2023,192.4445801,194.2437754,191.8183351,194.0151371,37122800,176.02005614,177.12331905444267,15.44835175824656,205.6912411730956,176.02005614,146.34887110690445,1.2177258401860558,0,0,0,0,0
23-01-2023,139.4881744,141.6727808,136.3150614,136.5325341,81760300,174.41335752999998,173.53901956354338,18.354149396943235,208.07491801972412,174.41335752999998,140.75179704027582,-1.8664354448744593,0,0,0,0,0
23-02-2023,147.9083557,148.838973,145.769933,148.591469,48394200,172.293404375,171.09800395749164,17.71105291144729,207.0079926162069,172.293404375,137.57881613379308,-1.3760472314868861,0,0,0,0,0
23-03-2023,157.3432312,159.9370833,156.1057112,157.2442387,67622100,170.477203355,169.7880255996353,17.3051725320582,204.318621155224,170.477203355,136.635785554776,-0.8265636069502991,0,0,0,0,0
23-05-2023,170.082077,171.8864057,169.8044903,171.6385594,50747300,171.631429275,169.81603049490812,17.10788695833976,203.72013585901172,171.631429275,139.54272269098823,-0.0846579864048366,0,0,0,0,0
23-06-2023,185.0718079,185.9442318,183.4161962,183.9515527,53079300,173.00053252,171.26896167634544,17.01890608988692,204.9292335228828,173.00053252,141.07183151711723,0.7883383415022016,0,0,0,0,0
23-08-2023,179.8021851,180.2290643,177.0324915,177.2211115,52722800,173.822019185,172.0816496214554,16.377506826323568,205.56245229896413,173.822019185,142.08158607103584,0.4814374782014996,0,0,0,0,0
23-10-2023,171.741272,172.7439179,168.6936017,169.6664822,55980100,173.290319815,172.04923270512631,16.001155153014743,204.79521777573427,173.290319815,141.7854218542657,0.011972910570220286,0,0,0,0,0
24-01-2023,140.891861,141.514625,138.6874952,138.6973748,66435100,170.820587915,169.08186397130476,17.21919955637083,204.29174412784235,170.820587915,137.34943170215766,-1.7846852616652114,0,0,0,0,0
24-02-2023,145.2452545,145.720458,144.2651332,145.6412549,55469600,169.35482024499998,166.81171068832336,16.334156516630056,204.5648526893882,169.35482024499998,134.14478780061177,-1.5311452505210252,0,0,0,0,0
24-03-2023,158.6500549,158.7391527,156.2740227,157.2739334,59196500,168.654098505,166.03441013705446,16.131280922585052,204.1295824163615,168.654098505,133.1786145936385,-0.7504546828520096,0,0,0,0,0
24-04-2023,163.6793365,163.9466451,162.2537112,163.3526295,41949600,167.36295318,165.81011740971596,15.357374442400408,201.56620389347157,167.36295318,133.15970246652847,-0.45755120125512205,0,0,0,0,0
24-05-2023,170.3596497,170.934655,169.0510289,169.6161107,45143500,166.20502929499995,166.2434061992668,14.77865616080038,198.29048735290627,166.20502929499995,134.11957123709368,-0.06849225604958063,0,0,0,0,0
24-07-2023,191.0895233,193.2309193,190.5938306,191.7438413,45377800,168.388342285,168.6097030660033,15.356699977886066,201.00284610519907,168.388342285,135.77383846480092,1.1388078383621896,0,0,0,0,0
24-08-2023,175.0966797,179.7823386,174.7293615,179.3554594,54945800,169.33046646,169.22751036447917,15.428375822322776,201.57497491532573,169.33046646,137.08595800467424,0.20739060153964248,0,0,0,0,0
24-10-2023,172.1780701,172.4063924,170.2025437,171.7909083,43816600,169.30440445000002,169.5085160535764,14.675930120728292,201.53882015971251,169.30440445000002,137.0699887402875,0.03741186873969447,0,0,0,0,0
24-11-2023,188.8362427,189.7606851,188.1205385,189.7308653,24048300,169.47676392,171.34925192466434,14.883550469247698,202.08802087765557,169.47676392,136.86550696234443,1.0075776179755014,0,0,0,0,0
25-01-2023,140.2295685,140.7930095,137.2146199,139.2707157,65799300,167.69121933499997,168.3854725508868,17.507698492872866,202.52604697294396,167.69121933499997,132.856391697056,-1.823256929452815,0,0,0,0,0
25-04-2023,162.1349182,164.6495521,162.0953091,163.5407391,48714100,167.122054295,167.79018166032614,18.00143314338195,201.9294261095397,167.122054295,132.31468248046033,-0.5474975460992744,0,0,0,0,0
25-05-2023,171.4997406,172.4018897,170.2109367,170.9247353,56058300,166.188629155,168.14347298791412,17.448971597426098,199.44032781374503,166.188629155,132.93693049625494,-0.002093787936972916,0,0,0,0,0
25-07-2023,191.9520264,192.7649696,191.2580596,191.6645313,37283200,166.16400147,170.41095426525564,17.721561411895664,199.3385183936268,166.16400147,132.9894845463732,1.1890396967011831,0,0,0,0,0
25-08-2023,177.3104553,177.8465197,174.5407617,176.0894089,51449600,168.055115515,171.06804960189797,17.699397361045975,199.1802188949788,168.055115515,136.9300121350212,0.3363200654842014,0,0,0,0,0
25-09-2023,174.7988739,175.6823978,172.8829084,172.9325476,46172700,169.39964142499997,171.4233662017172,16.751408042399834,199.2234294128816,169.39964142499997,139.57585343711833,0.19004650299885845,0,0,0,0,0
25-10-2023,169.8550873,171.8008179,169.4083493,170.6294108,57157000,170.02523423,171.27400630631556,15.939916367942702,199.33159779155017,170.02523423,140.71887066844982,-0.09787778173636663,0,0,0,0,0
26-01-2023,142.3054352,142.5920955,140.2690987,141.5245064,54105100,168.63640214000003,168.5150947723807,16.914635813089653,200.3353663555311,168.63640214000003,136.93743792446895,-1.7023592283256717,0,0,0,0,0
26-04-2023,162.1250153,163.6298438,161.1746084,161.4320071,45498800,167.48906251,167.90651577501114,17.22961958358325,198.376177924815,167.48906251,136.60194709518498,-0.5480742872958504,0,0,0,0,0
26-05-2023,173.9187164,174.2557989,171.6187104,171.826908,54835000,167.19488907500002,168.47910631072438,16.865417013327306,197.7172290713769,167.19488907500002,136.67254907862312,0.13878645899901357,0,0,0,0,0
26-06-2023,183.6739502,186.43,183.6342863,185.2205088,48088700,167.79152298499997,169.9262343001792,16.554407483803928,199.1023409611617,167.79152298499997,136.48070500883824,0.7069276312514539,0,0,0,0,0
26-07-2023,192.8244476,193.9546263,191.6546202,192.001596,47471900,170.388152315,172.10701651920974,16.10628381353222,200.9497047428671,170.388152315,139.82659988713291,1.2398491814790766,0,0,0,0,0
26-09-2023,170.7088318,173.925248,170.4110115,173.5480231,64588900,171.66133118,171.9738560697612,16.55679469113706,199.96525412491084,171.66133118,143.35740823508914,-0.04815602098942527,0,0,0,0,0
26-10-2023,165.6757355,170.1330724,164.4646108,169.1304113,70625300,172.01261520999998,171.37403506311728,15.82018228462727,199.8321274493349,172.01261520999998,144.19310297066505,-0.3412816692892561,0,0,0,0,0
26-12-2023,191.8978729,192.7328561,191.6791847,192.4545284,28919300,173.42354203,173.32868628567755,16.62282073572532,202.2533597737312,173.42354203,144.5937242862688,1.1858858170912898,0,0,0,0,0
27-01-2023,144.2527771,145.5378388,141.435542,141.5146244,70555800,172.1181984,170.55955207751776,19.039928604602085,203.62457745639952,172.1181984,140.6118193436005,-1.5889467635375605,0,0,0,0,0
27-02-2023,146.4431458,147.6806656,145.9778371,146.2352509,44998500,169.885879525,168.26275147965893,17.92478288284479,202.0196368919356,169.885879525,137.75212215806442,-1.4613805087048934,0,0,0,0,0
27-03-2023,156.699707,159.1648519,156.2937969,158.343137,52390300,168.96603089,167.16150914826284,17.55313454121302,201.50121827152432,168.96603089,136.4308435084757,-0.8640422159571702,0,0,0,0,0
27-04-2023,166.7285919,166.8770883,163.5407393,163.5407393,64902300,168.69355697999998,167.12027893414256,17.02629502398352,201.20784979552732,168.69355697999998,136.1792641644726,-0.27996370586848385,0,0,0,0,0
27-06-2023,186.4399109,186.7670698,184.0705007,184.2886067,50730800,168.57374039,168.96024388327186,17.241450943698982,200.80668737163265,168.57374039,136.34079340836738,0.8680161491404023,0,0,0,0,0
27-07-2023,191.5554657,195.5011749,190.8912394,194.3313475,47460200,171.14003525,171.1121697705793,16.657151876291913,202.08471035745225,171.14003525,140.19536014254777,1.1659441496762377,0,0,0,0,0
27-09-2023,169.1899567,171.7809671,167.8200077,171.3640248,66921800,171.492787175,170.92910185909557,17.16274517084249,202.17857079668389,171.492787175,140.8070035533161,-0.13661473940774166,0,0,0,0,0
27-10-2023,166.996048,167.7306693,165.6161621,165.6955818,58499100,171.267602545,170.55452530108647,16.192105844353744,202.01591318116377,171.267602545,140.5192919088362,-0.26438716251797306,0,0,0,0,0
27-11-2023,188.6573181,189.5320711,187.7726303,188.7865471,40552600,171.10286713,172.2786008057449,16.64524279118562,201.43867797006664,171.10286713,140.76705628993335,0.997157116112306,0,0,0,0,0
27-12-2023,191.9972687,192.3451859,189.9495652,191.3412191,48087700,171.83720780000002,174.15656917662633,15.719716006100931,203.42379938031868,171.83720780000002,140.25061621968135,1.1916745913520324,0,0,0,0,0
28-02-2023,145.9382477,147.5915724,145.3640366,145.5818414,50547000,170.39417649,171.4691099883762,17.927824298522296,203.88716596317184,170.39417649,136.90118701682815,-1.4907855854342718,0,0,0,0,0
28-03-2023,156.076004,156.9076289,154.4226793,156.3928164,45992200,169.705222325,170.00309989424514,17.430792648627847,203.7761131519778,169.705222325,135.6343314980222,-0.9003664456806394,0,0,0,0,0
28-04-2023,167.9859009,168.1542169,166.2038842,166.8077946,55209200,170.98924560999998,169.81098570431703,17.048465523725856,202.685811431735,170.98924560999998,139.29267978826496,-0.206738499401004,0,0,0,0,0
28-06-2023,187.6196594,188.2640538,185.9838798,186.3110236,51216800,172.263977815,171.50704986581064,17.27915747917401,204.47844246802973,172.263977815,140.04951316197025,0.936724261062133,0,0,0,0,0
28-07-2023,194.1429901,194.9361014,192.4675465,192.9929795,48291400,173.27519149999998,173.66285369763818,16.567534944947298,206.87388379852368,173.27519149999998,139.67649920147628,1.3166406041115768,0,0,0,0,0
28-08-2023,178.8789673,179.2760509,177.2509003,178.7796888,43820700,173.035442355,174.15962642167267,16.590717434593916,206.40153037418395,173.035442355,139.66935433581602,0.42766961841567674,0,0,0,0,0
28-09-2023,169.4480743,170.778321,166.4004042,168.1078908,56294400,171.86662368999998,173.71090717198956,16.296992124980065,203.992690639012,171.86662368999998,139.74055674098798,-0.12158206680865118,0,0,0,0,0
28-11-2023,189.2636566,189.9396062,188.2696248,188.6473617,38415400,172.79436493,175.19212140322867,16.59660210891006,205.79291969806565,172.79436493,139.79581016193436,1.0324700438426266,0,0,0,0,0
28-12-2023,192.4247284,193.4982848,192.0171716,192.9813839,34049900,174.131814575,176.83332206958784,15.71360397255934,208.024067193702,174.131814575,140.23956195629796,1.2165696845940486,0,0,0,0,0
29-03-2023,159.1648712,159.4420745,157.7590504,157.7788398,51305700,172.49516449,175.15061246296042,17.067323545947957,205.95627036956748,172.49516449,139.03405861043254,-0.7204719738597692,0,0,0,0,0
29-06-2023,187.9567413,188.4326172,187.3123469,187.4511403,46347300,174.6803627,176.37024378077373,17.93878229266596,206.1260432333994,174.6803627,143.23468216660058,0.9563557849945566,0,0,0,0,0
29-08-2023,182.780365,183.5546886,178.1939843,178.3925261,53003900,176.49722365999995,176.98073151593815,17.35478048604696,205.29445986449008,176.49722365999995,147.69998745550987,0.6548855630197892,0,0,0,0,0
29-09-2023,169.9642792,171.8107464,169.100599,170.7683832,51814200,177.16045227,176.3124979620393,17.09227945132932,204.6862377037274,177.16045227,149.63466683627263,-0.09151848627115056,0,0,0,0,0
29-11-2023,188.2398224,190.9435905,187.8422157,189.76069,43014200,178.23601379500002,177.44843362279744,17.369924583377223,205.72832689715693,178.23601379500002,150.7437006928431,0.9728423225080413,0,0,0,0,0
29-12-2023,191.3809662,193.239801,190.5857376,192.7427851,42628800,178.48306656,178.77534148729293,16.486357013135994,206.35205126766937,178.48306656,150.61408185233063,1.1557813639839587,0,0,0,0,0
30-01-2023,141.3564453,143.8771402,141.2081754,143.2939249,64015300,175.97311554,175.21163708850315,18.89253085505485,207.48470974795333,175.97311554,144.4615213320467,-1.7576280455878202,0,0,0,0,0
30-03-2023,160.7389984,160.8479008,159.6598846,159.9172833,49501700,175.550567625,173.83329054674095,18.93531118683665,207.6360752382847,175.550567625,143.46506001171534,-0.628795393777961,0,0,0,0,0
30-05-2023,175.7726135,177.4480571,175.0489065,175.4355462,55964400,175.9893959,174.01798797086087,18.776293152062603,207.83407233819932,175.9893959,144.14471946180066,0.24675673354326946,0,0,0,0,0
30-06-2023,192.2990265,192.8046276,189.6123654,189.9791883,85069600,176.17148132,175.75903925935032,18.65170179120099,208.3437730714675,176.17148132,143.9991895685325,1.2092488528964673,0,0,0,0,0
30-08-2023,186.284668,186.4832249,183.3958524,183.5943942,60813900,175.885851285,176.76148009179315,17.955378384686632,207.58907222861205,175.885851285,144.18263034138798,0.8589748606384432,0,0,0,0,0
30-10-2023,169.0509796,169.9245817,167.6413132,167.7902309,51131000,177.04148788,176.02714671162238,18.004519557209015,205.846409968662,177.04148788,148.236565791338,-0.14470871379411132,0,0,0,0,0
30-11-2023,188.8163757,189.1841779,187.0668849,188.7070316,48794400,178.678506465,177.2451685200393,18.156568038836944,206.22525783269407,178.678506465,151.13175509730593,1.0064205713172099,0,0,0,0,0
31-01-2023,142.6316223,142.6810507,140.6447293,141.0599003,65874500,177.410792535,173.94864030860697,20.30050220749145,208.8655906638633,177.410792535,145.9559944061367,-1.6833622134752821,0,0,0,0,0
31-03-2023,163.2536011,163.3526087,160.2934635,160.8181706,68749800,176.19248962,172.9300651458825,20.33053679267063,207.8580592294156,176.19248962,144.52692001058443,-0.48234587190928574,0,0,0,0,0
31-05-2023,175.723053,177.8049683,175.2372687,175.8023656,99625300,175.271492765,173.1960639891318,19.91773896462273,205.84787807315251,175.271492765,144.69510745684747,0.2438703485375688,0,0,0,0,0
31-07-2023,194.7576599,194.7973238,193.5779089,194.3710202,38824100,176.065427395,175.2495493139764,19.85749123857825,207.77872708368344,176.065427395,144.35212770631657,1.3524387436415768,0,0,1,0,0
31-08-2023,186.503067,187.7439721,186.1159052,186.4732865,60794500,176.91817703,176.3213129031215,19.05636720010838,208.79066737970865,176.91817703,145.04568668029137,0.8716943368111975,0,0,0,0,0
31-10-2023,169.5275116,169.6565554,166.6783829,168.1178451,44846000,175.93136978,175.67428420758614,19.111246978672064,207.43379350952665,175.93136978,144.4289460504734,-0.11695566813201815,0,0,0,0,0
